period_type,period,start_date,end_date,rank,symbol,return,return_pct
monthly,2022-01,2022-01-03,2022-01-31,1,AAPL,-0.03972309213779457,-3.97%
monthly,2022-01,2022-01-03,2022-01-31,2,GOOGL,-0.06681771000368975,-6.68%
monthly,2022-01,2022-01-03,2022-01-31,3,MSFT,-0.07100821508588495,-7.10%
monthly,2022-01,2022-01-03,2022-01-31,4,META,-0.07467359839309984,-7.47%
monthly,2022-01,2022-01-03,2022-01-31,5,AMZN,-0.12224442429630678,-12.22%
monthly,2022-01,2022-01-03,2022-01-31,6,NVDA,-0.18707878224494534,-18.71%
monthly,2022-01,2022-01-03,2022-01-31,7,TSLA,-0.2192567336106176,-21.93%
monthly,2022-02,2022-02-01,2022-02-28,1,AMZN,0.015671970025166404,1.57%
monthly,2022-02,2022-02-01,2022-02-28,2,NVDA,-0.010268690640474087,-1.03%
monthly,2022-02,2022-02-01,2022-02-28,3,GOOGL,-0.018794862108046928,-1.88%
monthly,2022-02,2022-02-01,2022-02-28,4,MSFT,-0.03229045213110493,-3.23%
monthly,2022-02,2022-02-01,2022-02-28,5,AAPL,-0.05434969360288644,-5.43%
monthly,2022-02,2022-02-01,2022-02-28,6,TSLA,-0.06530997375784675,-6.53%
monthly,2022-02,2022-02-01,2022-02-28,7,META,-0.3384639498432602,-33.85%
monthly,2022-03,2022-03-01,2022-03-31,1,TSLA,0.24668848371513175,24.67%
monthly,2022-03,2022-03-01,2022-03-31,2,NVDA,0.16224389828342645,16.22%
monthly,2022-03,2022-03-01,2022-03-31,3,META,0.09273182957393478,9.27%
monthly,2022-03,2022-03-01,2022-03-31,4,AMZN,0.07843948075319895,7.84%
monthly,2022-03,2022-03-01,2022-03-31,5,AAPL,0.06991421568627465,6.99%
monthly,2022-03,2022-03-01,2022-03-31,6,MSFT,0.045295812849635686,4.53%
monthly,2022-03,2022-03-01,2022-03-31,7,GOOGL,0.03734107107558837,3.73%
monthly,2022-04,2022-04-01,2022-04-29,1,AAPL,-0.09557684584934889,-9.56%
monthly,2022-04,2022-04-01,2022-04-29,2,MSFT,-0.10309611531252028,-10.31%
monthly,2022-04,2022-04-01,2022-04-29,3,META,-0.10842784078274403,-10.84%
monthly,2022-04,2022-04-01,2022-04-29,4,GOOGL,-0.18580739990224793,-18.58%
monthly,2022-04,2022-04-01,2022-04-29,5,TSLA,-0.1971529333665255,-19.72%
monthly,2022-04,2022-04-01,2022-04-29,6,AMZN,-0.2401473465394962,-24.01%
monthly,2022-04,2022-04-01,2022-04-29,7,NVDA,-0.30566786463012874,-30.57%
monthly,2022-05,2022-05-02,2022-05-31,1,GOOGL,-0.024197352958836182,-2.42%
monthly,2022-05,2022-05-02,2022-05-31,2,AMZN,-0.03446184738955815,-3.45%
monthly,2022-05,2022-05-02,2022-05-31,3,NVDA,-0.04407925049915529,-4.41%
monthly,2022-05,2022-05-02,2022-05-31,4,MSFT,-0.04429289556016458,-4.43%
monthly,2022-05,2022-05-02,2022-05-31,5,AAPL,-0.057736135730564686,-5.77%
monthly,2022-05,2022-05-02,2022-05-31,6,META,-0.08283995642495146,-8.28%
monthly,2022-05,2022-05-02,2022-05-31,7,TSLA,-0.16023224134493996,-16.02%
monthly,2022-06,2022-06-01,2022-06-30,1,GOOGL,-0.04327784216626285,-4.33%
monthly,2022-06,2022-06-01,2022-06-30,2,MSFT,-0.05722780999926591,-5.72%
monthly,2022-06,2022-06-01,2022-06-30,3,AAPL,-0.08062672315244446,-8.06%
monthly,2022-06,2022-06-01,2022-06-30,4,TSLA,-0.09042789416102759,-9.04%
monthly,2022-06,2022-06-01,2022-06-30,5,AMZN,-0.12716544492291515,-12.72%
monthly,2022-06,2022-06-01,2022-06-30,6,META,-0.14519720101781164,-14.52%
monthly,2022-06,2022-06-01,2022-06-30,7,NVDA,-0.17254366812227073,-17.25%
monthly,2022-07,2022-07-01,2022-07-29,1,TSLA,0.3075142356904965,30.75%
monthly,2022-07,2022-07-01,2022-07-29,2,NVDA,0.2506369207464023,25.06%
monthly,2022-07,2022-07-01,2022-07-29,3,AMZN,0.231745162468054,23.17%
monthly,2022-07,2022-07-01,2022-07-29,4,AAPL,0.16972576117469207,16.97%
monthly,2022-07,2022-07-01,2022-07-29,5,MSFT,0.08151629555435713,8.15%
monthly,2022-07,2022-07-01,2022-07-29,6,GOOGL,0.06973215312104841,6.97%
monthly,2022-07,2022-07-01,2022-07-29,7,META,-0.005811410360557434,-0.58%
monthly,2022-08,2022-08-01,2022-08-31,1,META,0.01875820671543793,1.88%
monthly,2022-08,2022-08-01,2022-08-31,2,AAPL,-0.026561822797349977,-2.66%
monthly,2022-08,2022-08-01,2022-08-31,3,GOOGL,-0.057809507226188384,-5.78%
monthly,2022-08,2022-08-01,2022-08-31,4,MSFT,-0.05949426279630221,-5.95%
monthly,2022-08,2022-08-01,2022-08-31,5,AMZN,-0.0636679222985449,-6.37%
monthly,2022-08,2022-08-01,2022-08-31,6,TSLA,-0.0728836376627019,-7.29%
monthly,2022-08,2022-08-01,2022-08-31,7,NVDA,-0.18149774957974074,-18.15%
monthly,2022-09,2022-09-01,2022-09-30,1,TSLA,-0.04297156876894226,-4.30%
monthly,2022-09,2022-09-01,2022-09-30,2,MSFT,-0.1056067588325652,-10.56%
monthly,2022-09,2022-09-01,2022-09-30,3,AMZN,-0.1159442966671882,-11.59%
monthly,2022-09,2022-09-01,2022-09-30,4,AAPL,-0.12509496074955695,-12.51%
monthly,2022-09,2022-09-01,2022-09-30,5,GOOGL,-0.1283943867322762,-12.84%
monthly,2022-09,2022-09-01,2022-09-30,6,NVDA,-0.12900911243452684,-12.90%
monthly,2022-09,2022-09-01,2022-09-30,7,META,-0.17948717948717952,-17.95%
monthly,2022-10,2022-10-03,2022-10-31,1,NVDA,0.07872442455242967,7.87%
monthly,2022-10,2022-10-03,2022-10-31,2,AAPL,0.07644787644787665,7.64%
monthly,2022-10,2022-10-03,2022-10-31,3,MSFT,-0.03576472542992448,-3.58%
monthly,2022-10,2022-10-03,2022-10-31,4,GOOGL,-0.041869424168694214,-4.19%
monthly,2022-10,2022-10-03,2022-10-31,5,TSLA,-0.06130363036303632,-6.13%
monthly,2022-10,2022-10-03,2022-10-31,6,AMZN,-0.11598205039696241,-11.60%
monthly,2022-10,2022-10-03,2022-10-31,7,META,-0.3278984200274151,-32.79%
monthly,2022-11,2022-11-01,2022-11-30,1,NVDA,0.24957542641955244,24.96%
monthly,2022-11,2022-11-01,2022-11-30,2,META,0.24054621848739477,24.05%
monthly,2022-11,2022-11-01,2022-11-30,3,MSFT,0.11820134110531622,11.82%
monthly,2022-11,2022-11-01,2022-11-30,4,GOOGL,0.1162816403227589,11.63%
monthly,2022-11,2022-11-01,2022-11-30,5,AMZN,-0.0025829114577952117,-0.26%
monthly,2022-11,2022-11-01,2022-11-30,6,AAPL,-0.017391304347826098,-1.74%
monthly,2022-11,2022-11-01,2022-11-30,7,TSLA,-0.14537792994469323,-14.54%
monthly,2022-12,2022-12-01,2022-12-30,1,META,-0.0008302889405512603,-0.08%
monthly,2022-12,2022-12-01,2022-12-30,2,MSFT,-0.05838470297224074,-5.84%
monthly,2022-12,2022-12-01,2022-12-30,3,AMZN,-0.12041884816753923,-12.04%
monthly,2022-12,2022-12-01,2022-12-30,4,AAPL,-0.12392960690445687,-12.39%
monthly,2022-12,2022-12-01,2022-12-30,5,GOOGL,-0.1263491434795524,-12.63%
monthly,2022-12,2022-12-01,2022-12-30,6,NVDA,-0.1471257659760724,-14.71%
monthly,2022-12,2022-12-01,2022-12-30,7,TSLA,-0.3673343605546995,-36.73%
monthly,2023-01,2023-01-03,2023-01-31,1,TSLA,0.6024051803885293,60.24%
monthly,2023-01,2023-01-03,2023-01-31,2,NVDA,0.36479217603911973,36.48%
monthly,2023-01,2023-01-03,2023-01-31,3,AMZN,0.2017012351433234,20.17%
monthly,2023-01,2023-01-03,2023-01-31,4,META,0.19424402757736092,19.42%
monthly,2023-01,2023-01-03,2023-01-31,5,AAPL,0.1536739425921485,15.37%
monthly,2023-01,2023-01-03,2023-01-31,6,GOOGL,0.10906642728904847,10.91%
monthly,2023-01,2023-01-03,2023-01-31,7,MSFT,0.03435178228566649,3.44%
monthly,2023-02,2023-02-01,2023-02-28,1,META,0.14250261233019845,14.25%
monthly,2023-02,2023-02-01,2023-02-28,2,TSLA,0.1339507193649745,13.40%
monthly,2023-02,2023-02-01,2023-02-28,3,NVDA,0.10853268395167825,10.85%
monthly,2023-02,2023-02-01,2023-02-28,4,AAPL,0.013614797497077502,1.36%
monthly,2023-02,2023-02-01,2023-02-28,5,MSFT,-0.013175074183976343,-1.32%
monthly,2023-02,2023-02-01,2023-02-28,6,GOOGL,-0.10325599920342532,-10.33%
monthly,2023-02,2023-02-01,2023-02-28,7,AMZN,-0.10385164051355211,-10.39%
monthly,2023-03,2023-03-01,2023-03-31,1,NVDA,0.22376420830029087,22.38%
monthly,2023-03,2023-03-01,2023-03-31,2,META,0.22211970937608116,22.21%
monthly,2023-03,2023-03-01,2023-03-31,3,MSFT,0.17066634181995366,17.07%
monthly,2023-03,2023-03-01,2023-03-31,4,GOOGL,0.1479637007525454,14.80%
monthly,2023-03,2023-03-01,2023-03-31,5,AAPL,0.13481522262748613,13.48%
monthly,2023-03,2023-03-01,2023-03-31,6,AMZN,0.1206466312249106,12.06%
monthly,2023-03,2023-03-01,2023-03-31,7,TSLA,0.023129654288109647,2.31%
monthly,2023-04,2023-04-03,2023-04-28,1,META,0.12789224198620164,12.79%
monthly,2023-04,2023-04-03,2023-04-28,2,MSFT,0.06973505553041104,6.97%
monthly,2023-04,2023-04-03,2023-04-28,3,AMZN,0.029684601113172615,2.97%
monthly,2023-04,2023-04-03,2023-04-28,4,GOOGL,0.028555001916443112,2.86%
monthly,2023-04,2023-04-03,2023-04-28,5,AAPL,0.02112294638021317,2.11%
monthly,2023-04,2023-04-03,2023-04-28,6,NVDA,-0.007723940640085858,-0.77%
monthly,2023-04,2023-04-03,2023-04-28,7,TSLA,-0.15638958771884792,-15.64%
monthly,2023-05,2023-05-01,2023-05-31,1,NVDA,0.3086821169145626,30.87%
monthly,2023-05,2023-05-01,2023-05-31,2,TSLA,0.26014953964036325,26.01%
monthly,2023-05,2023-05-01,2023-05-31,3,AMZN,0.18157765801077907,18.16%
monthly,2023-05,2023-05-01,2023-05-31,4,GOOGL,0.14617537313432827,14.62%
monthly,2023-05,2023-05-01,2023-05-31,5,META,0.0885763631877623,8.86%
monthly,2023-05,2023-05-01,2023-05-31,6,MSFT,0.07471527686870005,7.47%
monthly,2023-05,2023-05-01,2023-05-31,7,AAPL,0.045167757532873276,4.52%
monthly,2023-06,2023-06-01,2023-06-30,1,TSLA,0.2614205859676175,26.14%
monthly,2023-06,2023-06-01,2023-06-30,2,AAPL,0.07707257482369934,7.71%
monthly,2023-06,2023-06-01,2023-06-30,3,NVDA,0.06366607995976858,6.37%
monthly,2023-06,2023-06-01,2023-06-30,4,AMZN,0.06182292090901709,6.18%
monthly,2023-06,2023-06-01,2023-06-30,5,META,0.05271266644657202,5.27%
monthly,2023-06,2023-06-01,2023-06-30,6,MSFT,0.023934091045763495,2.39%
monthly,2023-06,2023-06-01,2023-06-30,7,GOOGL,-0.03249272550921434,-3.25%
monthly,2023-07,2023-07-03,2023-07-31,1,META,0.11390811831340475,11.39%
monthly,2023-07,2023-07-03,2023-07-31,2,GOOGL,0.10692243536280222,10.69%
monthly,2023-07,2023-07-03,2023-07-31,3,NVDA,0.10176125244618395,10.18%
monthly,2023-07,2023-07-03,2023-07-31,4,AMZN,0.02657041929043169,2.66%
monthly,2023-07,2023-07-03,2023-07-31,5,AAPL,0.020731580588174037,2.07%
monthly,2023-07,2023-07-03,2023-07-31,6,MSFT,-0.006124441551525139,-0.61%
monthly,2023-07,2023-07-03,2023-07-31,7,TSLA,-0.04427846472732466,-4.43%
monthly,2023-08,2023-08-01,2023-08-31,1,NVDA,0.06123809319027251,6.12%
monthly,2023-08,2023-08-01,2023-08-31,2,AMZN,0.047991495178069554,4.80%
monthly,2023-08,2023-08-01,2023-08-31,3,GOOGL,0.035119726339794655,3.51%
monthly,2023-08,2023-08-01,2023-08-31,4,TSLA,-0.011452867047152093,-1.15%
monthly,2023-08,2023-08-01,2023-08-31,5,MSFT,-0.025509900695724563,-2.55%
monthly,2023-08,2023-08-01,2023-08-31,6,AAPL,-0.039543978937143676,-3.95%
monthly,2023-08,2023-08-01,2023-08-31,7,META,-0.08310867342195782,-8.31%
monthly,2023-09,2023-09-01,2023-09-29,1,TSLA,0.02126443818619661,2.13%
monthly,2023-09,2023-09-01,2023-09-29,2,META,0.012922599365679188,1.29%
monthly,2023-09,2023-09-01,2023-09-29,3,GOOGL,-0.035382574082264306,-3.54%
monthly,2023-09,2023-09-01,2023-09-29,4,MSFT,-0.039280715633177254,-3.93%
monthly,2023-09,2023-09-01,2023-09-29,5,AMZN,-0.07964089197799018,-7.96%
monthly,2023-09,2023-09-01,2023-09-29,6,AAPL,-0.09632640135120873,-9.63%
monthly,2023-09,2023-09-01,2023-09-29,7,NVDA,-0.10327980374775814,-10.33%
monthly,2023-10,2023-10-02,2023-10-31,1,MSFT,0.05068365444375389,5.07%
monthly,2023-10,2023-10-02,2023-10-31,2,AMZN,0.028039548895411714,2.80%
monthly,2023-10,2023-10-02,2023-10-31,3,AAPL,-0.01715107913669056,-1.72%
monthly,2023-10,2023-10-02,2023-10-31,4,META,-0.018088781696108502,-1.81%
monthly,2023-10,2023-10-02,2023-10-31,5,GOOGL,-0.07520310054408574,-7.52%
monthly,2023-10,2023-10-02,2023-10-31,6,NVDA,-0.08936626323076224,-8.94%
monthly,2023-10,2023-10-02,2023-10-31,7,TSLA,-0.20174880763116054,-20.17%
monthly,2023-11,2023-11-01,2023-11-30,1,TSLA,0.16736360984148613,16.74%
monthly,2023-11,2023-11-01,2023-11-30,2,NVDA,0.10502067336089782,10.50%
monthly,2023-11,2023-11-01,2023-11-30,3,MSFT,0.0948940965700582,9.49%
monthly,2023-11,2023-11-01,2023-11-30,4,AAPL,0.09185491751451402,9.19%
monthly,2023-11,2023-11-01,2023-11-30,5,AMZN,0.06635036496350377,6.64%
monthly,2023-11,2023-11-01,2023-11-30,6,META,0.04906204906204881,4.91%
monthly,2023-11,2023-11-01,2023-11-30,7,GOOGL,0.04808224594701471,4.81%
monthly,2023-12,2023-12-01,2023-12-29,1,META,0.08971122467828341,8.97%
monthly,2023-12,2023-12-01,2023-12-29,2,GOOGL,0.05938116183831332,5.94%
monthly,2023-12,2023-12-01,2023-12-29,3,NVDA,0.058954346199080465,5.90%
monthly,2023-12,2023-12-01,2023-12-29,4,TSLA,0.04040530921576013,4.04%
monthly,2023-12,2023-12-01,2023-12-29,5,AMZN,0.03339454533088482,3.34%
monthly,2023-12,2023-12-01,2023-12-29,6,AAPL,0.006745450742522419,0.67%
monthly,2023-12,2023-12-01,2023-12-29,7,MSFT,0.004085338175215725,0.41%
monthly,2024-01,2024-01-02,2024-01-31,1,NVDA,0.27734180368709516,27.73%
monthly,2024-01,2024-01-02,2024-01-31,2,META,0.12662797077593924,12.66%
monthly,2024-01,2024-01-02,2024-01-31,3,MSFT,0.07201984522878635,7.20%
monthly,2024-01,2024-01-02,2024-01-31,4,AMZN,0.035149736543720334,3.51%
monthly,2024-01,2024-01-02,2024-01-31,5,GOOGL,0.013968299920388061,1.40%
monthly,2024-01,2024-01-02,2024-01-31,6,AAPL,-0.006679594914888898,-0.67%
monthly,2024-01,2024-01-02,2024-01-31,7,TSLA,-0.2460751952338781,-24.61%
monthly,2024-02,2024-02-01,2024-02-29,1,NVDA,0.2552080854237071,25.52%
monthly,2024-02,2024-02-01,2024-02-29,2,META,0.24152692638938156,24.15%
monthly,2024-02,2024-02-01,2024-02-29,3,AMZN,0.10974384731290798,10.97%
monthly,2024-02,2024-02-01,2024-02-29,4,TSLA,0.06893995552260934,6.89%
monthly,2024-02,2024-02-01,2024-02-29,5,MSFT,0.024419238199019366,2.44%
monthly,2024-02,2024-02-01,2024-02-29,6,GOOGL,-0.01912723151034279,-1.91%
monthly,2024-02,2024-02-01,2024-02-29,7,AAPL,-0.03269827678475867,-3.27%
monthly,2024-03,2024-03-01,2024-03-28,1,GOOGL,0.10055417821204626,10.06%
monthly,2024-03,2024-03-01,2024-03-28,2,NVDA,0.09816599618371646,9.82%
monthly,2024-03,2024-03-01,2024-03-28,3,MSFT,0.012563176895306949,1.26%
monthly,2024-03,2024-03-01,2024-03-28,4,AMZN,0.012119851868477083,1.21%
monthly,2024-03,2024-03-01,2024-03-28,5,META,-0.03328688035038829,-3.33%
monthly,2024-03,2024-03-01,2024-03-28,6,AAPL,-0.045530446398753255,-4.55%
monthly,2024-03,2024-03-01,2024-03-28,7,TSLA,-0.13250098697197,-13.25%
monthly,2024-04,2024-04-01,2024-04-30,1,GOOGL,0.04688404398996715,4.69%
monthly,2024-04,2024-04-01,2024-04-30,2,TSLA,0.04599931514667266,4.60%
monthly,2024-04,2024-04-01,2024-04-30,3,AAPL,0.0017643945186143206,0.18%
monthly,2024-04,2024-04-01,2024-04-30,4,AMZN,-0.03298889318671605,-3.30%
monthly,2024-04,2024-04-01,2024-04-30,5,NVDA,-0.043834312716487966,-4.38%
monthly,2024-04,2024-04-01,2024-04-30,6,MSFT,-0.08300162517370513,-8.30%
monthly,2024-04,2024-04-01,2024-04-30,7,META,-0.12451409382314038,-12.45%
monthly,2024-05,2024-05-01,2024-05-31,1,NVDA,0.3202273575703569,32.02%
monthly,2024-05,2024-05-01,2024-05-31,2,AAPL,0.13555818074424097,13.56%
monthly,2024-05,2024-05-01,2024-05-31,3,META,0.06293403766023808,6.29%
monthly,2024-05,2024-05-01,2024-05-31,4,GOOGL,0.05272793848407176,5.27%
monthly,2024-05,2024-05-01,2024-05-31,5,MSFT,0.05112168937053729,5.11%
monthly,2024-05,2024-05-01,2024-05-31,6,TSLA,-0.010611700650036138,-1.06%
monthly,2024-05,2024-05-01,2024-05-31,7,AMZN,-0.014301675977653638,-1.43%
monthly,2024-06,2024-06-03,2024-06-28,1,TSLA,0.12246865959498554,12.25%
monthly,2024-06,2024-06-03,2024-06-28,2,AAPL,0.08550224192135247,8.55%
monthly,2024-06,2024-06-03,2024-06-28,3,AMZN,0.08360435123920595,8.36%
monthly,2024-06,2024-06-03,2024-06-28,4,MSFT,0.08084252273166959,8.08%
monthly,2024-06,2024-06-03,2024-06-28,5,NVDA,0.07426086956521738,7.43%
monthly,2024-06,2024-06-03,2024-06-28,6,META,0.05598022995245988,5.60%
monthly,2024-06,2024-06-03,2024-06-28,7,GOOGL,0.0518565571403824,5.19%
monthly,2024-07,2024-07-01,2024-07-31,1,TSLA,0.10583245973506128,10.58%
monthly,2024-07,2024-07-01,2024-07-31,2,AAPL,0.024590542099192758,2.46%
monthly,2024-07,2024-07-01,2024-07-31,3,AMZN,-0.051825557809330625,-5.18%
monthly,2024-07,2024-07-01,2024-07-31,4,NVDA,-0.05856798069187452,-5.86%
monthly,2024-07,2024-07-01,2024-07-31,5,META,-0.05914638979155118,-5.91%
monthly,2024-07,2024-07-01,2024-07-31,6,GOOGL,-0.06257172523088705,-6.26%
monthly,2024-07,2024-07-01,2024-07-31,7,MSFT,-0.08403214152781735,-8.40%
monthly,2024-08,2024-08-01,2024-08-30,1,NVDA,0.09303177364710202,9.30%
monthly,2024-08,2024-08-01,2024-08-30,2,AAPL,0.04872687305367274,4.87%
monthly,2024-08,2024-08-01,2024-08-30,3,META,0.04735404026198409,4.74%
monthly,2024-08,2024-08-01,2024-08-30,4,MSFT,7.192347342410699e-05,0.01%
monthly,2024-08,2024-08-01,2024-08-30,5,TSLA,-0.012680992345291853,-1.27%
monthly,2024-08,2024-08-01,2024-08-30,6,AMZN,-0.030260227087520963,-3.03%
monthly,2024-08,2024-08-01,2024-08-30,7,GOOGL,-0.04321855235418126,-4.32%
monthly,2024-09,2024-09-03,2024-09-30,1,TSLA,0.24230769230769234,24.23%
monthly,2024-09,2024-09-03,2024-09-30,2,NVDA,0.12444444444444436,12.44%
monthly,2024-09,2024-09-03,2024-09-30,3,META,0.11857120525246212,11.86%
monthly,2024-09,2024-09-03,2024-09-30,4,AMZN,0.057191489361702263,5.72%
monthly,2024-09,2024-09-03,2024-09-30,5,GOOGL,0.053952719877986555,5.40%
monthly,2024-09,2024-09-03,2024-09-30,6,MSFT,0.05094763579523254,5.09%
monthly,2024-09,2024-09-03,2024-09-30,7,AAPL,0.04592180275620583,4.59%
monthly,2024-10,2024-10-01,2024-10-31,1,NVDA,0.13470085470085458,13.47%
monthly,2024-10,2024-10-01,2024-10-31,2,GOOGL,0.02467213605605134,2.47%
monthly,2024-10,2024-10-01,2024-10-31,3,AMZN,0.006860044293199419,0.69%
monthly,2024-10,2024-10-01,2024-10-31,4,AAPL,-0.001326201317360054,-0.13%
monthly,2024-10,2024-10-01,2024-10-31,5,META,-0.015421444307596177,-1.54%
monthly,2024-10,2024-10-01,2024-10-31,6,TSLA,-0.03166421207658321,-3.17%
monthly,2024-10,2024-10-01,2024-10-31,7,MSFT,-0.03408685730585459,-3.41%
monthly,2024-11,2024-11-01,2024-11-29,1,TSLA,0.3862960880392001,38.63%
monthly,2024-11,2024-11-01,2024-11-29,2,AAPL,0.06468978511506895,6.47%
monthly,2024-11,2024-11-01,2024-11-29,3,AMZN,0.05032082049209308,5.03%
monthly,2024-11,2024-11-01,2024-11-29,4,MSFT,0.031898043229280804,3.19%
monthly,2024-11,2024-11-01,2024-11-29,5,NVDA,0.021048744460856694,2.10%
monthly,2024-11,2024-11-01,2024-11-29,6,META,0.012624303547499993,1.26%
monthly,2024-11,2024-11-01,2024-11-29,7,GOOGL,-0.013661042676163304,-1.37%
monthly,2024-12,2024-12-02,2024-12-31,1,TSLA,0.13091937606765813,13.09%
monthly,2024-12,2024-12-02,2024-12-31,2,GOOGL,0.1038544521546445,10.39%
monthly,2024-12,2024-12-02,2024-12-31,3,AAPL,0.04520222045995226,4.52%
monthly,2024-12,2024-12-02,2024-12-31,4,AMZN,0.04119405818423405,4.12%
monthly,2024-12,2024-12-02,2024-12-31,5,META,-0.012347553261474742,-1.23%
monthly,2024-12,2024-12-02,2024-12-31,6,MSFT,-0.021996380342475308,-2.20%
monthly,2024-12,2024-12-02,2024-12-31,7,NVDA,-0.03130635504580537,-3.13%
monthly,2025-01,2025-01-02,2025-01-31,1,META,0.15009011414458295,15.01%
monthly,2025-01,2025-01-02,2025-01-31,2,AMZN,0.07928435201162487,7.93%
monthly,2025-01,2025-01-02,2025-01-31,3,GOOGL,0.0770205352900808,7.70%
monthly,2025-01,2025-01-02,2025-01-31,4,TSLA,0.06675806791816097,6.68%
monthly,2025-01,2025-01-02,2025-01-31,5,MSFT,-0.008409384108175266,-0.84%
monthly,2025-01,2025-01-02,2025-01-31,6,AAPL,-0.03219192126307158,-3.22%
monthly,2025-01,2025-01-02,2025-01-31,7,NVDA,-0.1318776661123564,-13.19%
monthly,2025-02,2025-02-03,2025-02-28,1,NVDA,0.07080404594548262,7.08%
monthly,2025-02,2025-02-03,2025-02-28,2,AAPL,0.060655234419543014,6.07%
monthly,2025-02,2025-02-03,2025-02-28,3,MSFT,-0.03389954249002236,-3.39%
monthly,2025-02,2025-02-03,2025-02-28,4,META,-0.04195222665099074,-4.20%
monthly,2025-02,2025-02-03,2025-02-28,5,AMZN,-0.10588829921657816,-10.59%
monthly,2025-02,2025-02-03,2025-02-28,6,GOOGL,-0.15380410475575212,-15.38%
monthly,2025-02,2025-02-03,2025-02-28,7,TSLA,-0.23639491242702249,-23.64%
monthly,2025-03,2025-03-03,2025-03-31,1,MSFT,-0.03372030168086704,-3.37%
monthly,2025-03,2025-03-03,2025-03-31,2,NVDA,-0.049798351744695823,-4.98%
monthly,2025-03,2025-03-03,2025-03-31,3,AAPL,-0.06679830273494936,-6.68%
monthly,2025-03,2025-03-03,2025-03-31,4,AMZN,-0.07199297629499568,-7.20%
monthly,2025-03,2025-03-03,2025-03-31,5,GOOGL,-0.0740674211125083,-7.41%
monthly,2025-03,2025-03-03,2025-03-31,6,TSLA,-0.08954856841735448,-8.95%
monthly,2025-03,2025-03-03,2025-03-31,7,META,-0.12012823448591703,-12.01%
monthly,2025-04,2025-04-01,2025-04-30,1,TSLA,0.05103181107055077,5.10%
monthly,2025-04,2025-04-01,2025-04-30,2,MSFT,0.034197650383317235,3.42%
monthly,2025-04,2025-04-01,2025-04-30,3,GOOGL,0.011014197491564293,1.10%
monthly,2025-04,2025-04-01,2025-04-30,4,NVDA,-0.011166591012256033,-1.12%
monthly,2025-04,2025-04-01,2025-04-30,5,AMZN,-0.04032887547483999,-4.03%
monthly,2025-04,2025-04-01,2025-04-30,6,AAPL,-0.047896411129530914,-4.79%
monthly,2025-04,2025-04-01,2025-04-30,7,META,-0.06313993174061439,-6.31%
monthly,2025-05,2025-05-01,2025-05-30,1,TSLA,0.23506345358619707,23.51%
monthly,2025-05,2025-05-01,2025-05-30,2,NVDA,0.2107338052145864,21.07%
monthly,2025-05,2025-05-01,2025-05-30,3,META,0.13156009157477144,13.16%
monthly,2025-05,2025-05-01,2025-05-30,4,MSFT,0.08218147625764005,8.22%
monthly,2025-05,2025-05-01,2025-05-30,5,AMZN,0.07786540483701376,7.79%
monthly,2025-05,2025-05-01,2025-05-30,6,GOOGL,0.0647241165530068,6.47%
monthly,2025-05,2025-05-01,2025-05-30,7,AAPL,-0.05845677854865927,-5.85%
monthly,2025-06,2025-06-02,2025-06-30,1,NVDA,0.15002183723977303,15.00%
monthly,2025-06,2025-06-02,2025-06-30,2,META,0.1001490535102103,10.01%
monthly,2025-06,2025-06-02,2025-06-30,3,MSFT,0.07671493819945008,7.67%
monthly,2025-06,2025-06-02,2025-06-30,4,AMZN,0.061650133075247915,6.17%
monthly,2025-06,2025-06-02,2025-06-30,5,GOOGL,0.042595988877713875,4.26%
monthly,2025-06,2025-06-02,2025-06-30,6,AAPL,0.017203767972235884,1.72%
monthly,2025-06,2025-06-02,2025-06-30,7,TSLA,-0.07303977355627522,-7.30%
monthly,2025-07,2025-07-01,2025-07-31,1,NVDA,0.16027397260273957,16.03%
monthly,2025-07,2025-07-01,2025-07-31,2,GOOGL,0.09133303002729765,9.13%
monthly,2025-07,2025-07-01,2025-07-31,3,MSFT,0.08423940656437345,8.42%
monthly,2025-07,2025-07-01,2025-07-31,4,META,0.07538722504935902,7.54%
monthly,2025-07,2025-07-01,2025-07-31,5,AMZN,0.061915993831080485,6.19%
monthly,2025-07,2025-07-01,2025-07-31,6,TSLA,0.02514050081473851,2.51%
monthly,2025-07,2025-07-01,2025-07-31,7,AAPL,-0.0012029641035511407,-0.12%
monthly,2025-08,2025-08-01,2025-08-29,1,AAPL,0.14705010376519412,14.71%
monthly,2025-08,2025-08-01,2025-08-29,2,GOOGL,0.12573362237614338,12.57%
monthly,2025-08,2025-08-01,2025-08-29,3,TSLA,0.10322836466972873,10.32%
monthly,2025-08,2025-08-01,2025-08-29,4,AMZN,0.06635622817229336,6.64%
monthly,2025-08,2025-08-01,2025-08-29,5,NVDA,0.0026479392125260404,0.26%
monthly,2025-08,2025-08-01,2025-08-29,6,META,-0.015079798936014077,-1.51%
monthly,2025-08,2025-08-01,2025-08-29,7,MSFT,-0.033237297513880715,-3.32%
monthly,2025-09,2025-09-02,2025-09-30,1,TSLA,0.35025504007772645,35.03%
monthly,2025-09,2025-09-02,2025-09-30,2,GOOGL,0.1502247456825172,15.02%
monthly,2025-09,2025-09-02,2025-09-30,3,AAPL,0.1084363573045446,10.84%
monthly,2025-09,2025-09-02,2025-09-30,4,NVDA,0.09251668813678426,9.25%
monthly,2025-09,2025-09-02,2025-09-30,5,MSFT,0.02539990497307576,2.54%
monthly,2025-09,2025-09-02,2025-09-30,6,META,-0.0009930486593843213,-0.10%
monthly,2025-09,2025-09-02,2025-09-30,7,AMZN,-0.025605751309132896,-2.56%
monthly,2025-10,2025-10-01,2025-10-31,1,GOOGL,0.14818293180890163,14.82%
monthly,2025-10,2025-10-01,2025-10-31,2,AMZN,0.1069210896070345,10.69%
monthly,2025-10,2025-10-01,2025-10-31,3,NVDA,0.08144627216406741,8.14%
monthly,2025-10,2025-10-01,2025-10-31,4,AAPL,0.058406733215893514,5.84%
monthly,2025-10,2025-10-01,2025-10-31,5,MSFT,-0.00365588501279579,-0.37%
monthly,2025-10,2025-10-01,2025-10-31,6,TSLA,-0.006311757280285546,-0.63%
monthly,2025-10,2025-10-01,2025-10-31,7,META,-0.09617475674017906,-9.62%
monthly,2025-11,2025-11-03,2025-11-28,1,GOOGL,0.12850697871140548,12.85%
monthly,2025-11,2025-11-03,2025-11-28,2,AAPL,0.03642445642073966,3.64%
monthly,2025-11,2025-11-03,2025-11-28,3,META,0.016057455583258884,1.61%
monthly,2025-11,2025-11-03,2025-11-28,4,MSFT,-0.04839177610583523,-4.84%
monthly,2025-11,2025-11-03,2025-11-28,5,TSLA,-0.0815594508614984,-8.16%
monthly,2025-11,2025-11-03,2025-11-28,6,AMZN,-0.08181102362204729,-8.18%
monthly,2025-11,2025-11-03,2025-11-28,7,NVDA,-0.14443155452436196,-14.44%
monthly,2025-12,2025-12-01,2025-12-31,1,TSLA,0.04552006323522573,4.55%
monthly,2025-12,2025-12-01,2025-12-31,2,NVDA,0.036571809693197066,3.66%
monthly,2025-12,2025-12-01,2025-12-31,3,META,0.029990481688954018,3.00%
monthly,2025-12,2025-12-01,2025-12-31,4,GOOGL,-0.006002095970021215,-0.60%
monthly,2025-12,2025-12-01,2025-12-31,5,MSFT,-0.006409993014751203,-0.64%
monthly,2025-12,2025-12-01,2025-12-31,6,AMZN,-0.013083632632119091,-1.31%
monthly,2025-12,2025-12-01,2025-12-31,7,AAPL,-0.039703285058283355,-3.97%
monthly,2026-01,2026-01-02,2026-01-30,1,META,0.10161282883104517,10.16%
monthly,2026-01,2026-01-02,2026-01-30,2,GOOGL,0.07250515627478982,7.25%
monthly,2026-01,2026-01-02,2026-01-30,3,AMZN,0.05651214128035331,5.65%
monthly,2026-01,2026-01-02,2026-01-30,4,NVDA,0.012073073868149375,1.21%
monthly,2026-01,2026-01-02,2026-01-30,5,TSLA,-0.017485789942246588,-1.75%
monthly,2026-01,2026-01-02,2026-01-30,6,AAPL,-0.04254455555145553,-4.25%
monthly,2026-01,2026-01-02,2026-01-30,7,MSFT,-0.090180572588489,-9.02%
monthly,2026-02,2026-02-02,2026-02-27,1,AAPL,-0.021591792896559325,-2.16%
monthly,2026-02,2026-02-02,2026-02-27,2,NVDA,-0.045363935132805455,-4.54%
monthly,2026-02,2026-02-02,2026-02-27,3,TSLA,-0.04575519783788917,-4.58%
monthly,2026-02,2026-02-02,2026-02-27,4,MSFT,-0.07234806434088381,-7.23%
monthly,2026-02,2026-02-02,2026-02-27,5,META,-0.0824308829150211,-8.24%
monthly,2026-02,2026-02-02,2026-02-27,6,GOOGL,-0.09290348860892084,-9.29%
monthly,2026-02,2026-02-02,2026-02-27,7,AMZN,-0.1356601909779388,-13.57%
monthly,2026-03,2026-03-02,2026-03-31,1,AMZN,-0.0005758433706031241,-0.06%
monthly,2026-03,2026-03-02,2026-03-31,2,AAPL,-0.04128890903596261,-4.13%
monthly,2026-03,2026-03-02,2026-03-31,3,NVDA,-0.04427882507672065,-4.43%
monthly,2026-03,2026-03-02,2026-03-31,4,GOOGL,-0.061855670103092675,-6.19%
monthly,2026-03,2026-03-02,2026-03-31,5,MSFT,-0.07120812946932631,-7.12%
monthly,2026-03,2026-03-02,2026-03-31,6,TSLA,-0.07827531488644246,-7.83%
monthly,2026-03,2026-03-02,2026-03-31,7,META,-0.12459452842891239,-12.46%
monthly,2026-04,2026-04-01,2026-04-29,1,AMZN,0.24918079498504064,24.92%
monthly,2026-04,2026-04-01,2026-04-29,2,NVDA,0.19061166429587484,19.06%
monthly,2026-04,2026-04-01,2026-04-29,3,GOOGL,0.17670399139177517,17.67%
monthly,2026-04,2026-04-01,2026-04-29,4,META,0.15518878511126832,15.52%
monthly,2026-04,2026-04-01,2026-04-29,5,MSFT,0.1491458429217316,14.91%
monthly,2026-04,2026-04-01,2026-04-29,6,AAPL,0.056879083049720336,5.69%
monthly,2026-04,2026-04-01,2026-04-29,7,TSLA,-0.02218958191260556,-2.22%
quarterly,2022Q1,2022-01-03,2022-03-31,1,AAPL,-0.040657106752376104,-4.07%
quarterly,2022Q1,2022-01-03,2022-03-31,2,GOOGL,-0.04085756751257841,-4.09%
quarterly,2022Q1,2022-01-03,2022-03-31,3,AMZN,-0.04346716195875111,-4.35%
quarterly,2022Q1,2022-01-03,2022-03-31,4,MSFT,-0.07898431665421957,-7.90%
quarterly,2022Q1,2022-01-03,2022-03-31,5,NVDA,-0.09412038112944454,-9.41%
quarterly,2022Q1,2022-01-03,2022-03-31,6,TSLA,-0.10183518675676995,-10.18%
quarterly,2022Q1,2022-01-03,2022-03-31,7,META,-0.34317953565309856,-34.32%
quarterly,2022Q2,2022-04-01,2022-06-30,1,MSFT,-0.16996315687415176,-17.00%
quarterly,2022Q2,2022-04-01,2022-06-30,2,AAPL,-0.21565027823991745,-21.57%
quarterly,2022Q2,2022-04-01,2022-06-30,3,GOOGL,-0.22252863885608687,-22.25%
quarterly,2022Q2,2022-04-01,2022-06-30,4,META,-0.2828552368245497,-28.29%
quarterly,2022Q2,2022-04-01,2022-06-30,5,AMZN,-0.35063585228662264,-35.06%
quarterly,2022Q2,2022-04-01,2022-06-30,6,TSLA,-0.3791018725970182,-37.91%
quarterly,2022Q2,2022-04-01,2022-06-30,7,NVDA,-0.43250224618149147,-43.25%
quarterly,2022Q3,2022-07-01,2022-09-30,1,TSLA,0.16714841331618446,16.71%
quarterly,2022Q3,2022-07-01,2022-09-30,2,AMZN,0.03139832055494707,3.14%
quarterly,2022Q3,2022-07-01,2022-09-30,3,AAPL,-0.005254444684373527,-0.53%
quarterly,2022Q3,2022-07-01,2022-09-30,4,MSFT,-0.10278141613375447,-10.28%
quarterly,2022Q3,2022-07-01,2022-09-30,5,GOOGL,-0.12035866191516253,-12.04%
quarterly,2022Q3,2022-07-01,2022-09-30,6,META,-0.15215897019308877,-15.22%
quarterly,2022Q3,2022-07-01,2022-09-30,7,NVDA,-0.16415341182951182,-16.42%
quarterly,2022Q4,2022-10-03,2022-12-30,1,NVDA,0.1679987212276215,16.80%
quarterly,2022Q4,2022-10-03,2022-12-30,2,MSFT,-0.0038215502201546236,-0.38%
quarterly,2022Q4,2022-10-03,2022-12-30,3,AAPL,-0.08789048789048781,-8.79%
quarterly,2022Q4,2022-10-03,2022-12-30,4,GOOGL,-0.10553527980535271,-10.55%
quarterly,2022Q4,2022-10-03,2022-12-30,5,META,-0.1318086718130006,-13.18%
quarterly,2022Q4,2022-10-03,2022-12-30,6,AMZN,-0.27511218501898516,-27.51%
quarterly,2022Q4,2022-10-03,2022-12-30,7,TSLA,-0.4918316831683168,-49.18%
quarterly,2023Q1,2023-01-03,2023-03-31,1,NVDA,0.9404121550820819,94.04%
quarterly,2023Q1,2023-01-03,2023-03-31,2,TSLA,0.919148936170213,91.91%
quarterly,2023Q1,2023-01-03,2023-03-31,3,META,0.6990540323873657,69.91%
quarterly,2023Q1,2023-01-03,2023-03-31,4,AAPL,0.3184616614695772,31.85%
quarterly,2023Q1,2023-01-03,2023-03-31,5,AMZN,0.2035656024236776,20.36%
quarterly,2023Q1,2023-01-03,2023-03-31,6,MSFT,0.20335587277736034,20.34%
quarterly,2023Q1,2023-01-03,2023-03-31,7,GOOGL,0.1639362657091561,16.39%
quarterly,2023Q2,2023-04-03,2023-06-30,1,NVDA,0.5126765599856964,51.27%
quarterly,2023Q2,2023-04-03,2023-06-30,2,META,0.34688130661285044,34.69%
quarterly,2023Q2,2023-04-03,2023-06-30,3,TSLA,0.3439954818503874,34.40%
quarterly,2023Q2,2023-04-03,2023-06-30,4,AMZN,0.27292256615564914,27.29%
quarterly,2023Q2,2023-04-03,2023-06-30,5,MSFT,0.1856003899314138,18.56%
quarterly,2023Q2,2023-04-03,2023-06-30,6,AAPL,0.1672985496780406,16.73%
quarterly,2023Q2,2023-04-03,2023-06-30,7,GOOGL,0.14699118436182457,14.70%
quarterly,2023Q3,2023-07-03,2023-09-29,1,GOOGL,0.09140950792326952,9.14%
quarterly,2023Q3,2023-07-03,2023-09-29,2,META,0.04961191525068176,4.96%
quarterly,2023Q3,2023-07-03,2023-09-29,3,NVDA,0.02560535684813625,2.56%
quarterly,2023Q3,2023-07-03,2023-09-29,4,AMZN,-0.023805866994317304,-2.38%
quarterly,2023Q3,2023-07-03,2023-09-29,5,MSFT,-0.06580076333619345,-6.58%
quarterly,2023Q3,2023-07-03,2023-09-29,6,TSLA,-0.1057822886141091,-10.58%
quarterly,2023Q3,2023-07-03,2023-09-29,7,AAPL,-0.11041255325781985,-11.04%
quarterly,2023Q4,2023-10-02,2023-12-29,1,AMZN,0.17364436891703994,17.36%
quarterly,2023Q4,2023-10-02,2023-12-29,2,MSFT,0.1685518955873213,16.86%
quarterly,2023Q4,2023-10-02,2023-12-29,3,META,0.15364057101883843,15.36%
quarterly,2023Q4,2023-10-02,2023-12-29,4,AAPL,0.10808633093525177,10.81%
quarterly,2023Q4,2023-10-02,2023-12-29,5,NVDA,0.10584609887901397,10.58%
quarterly,2023Q4,2023-10-02,2023-12-29,6,GOOGL,0.0411418349854662,4.11%
quarterly,2023Q4,2023-10-02,2023-12-29,7,TSLA,-0.012400635930047699,-1.24%
quarterly,2024Q1,2024-01-02,2024-03-28,1,NVDA,0.8758511875103803,87.59%
quarterly,2024Q1,2024-01-02,2024-03-28,2,META,0.4022351208524646,40.22%
quarterly,2024Q1,2024-01-02,2024-03-28,3,AMZN,0.20309477756286265,20.31%
quarterly,2024Q1,2024-01-02,2024-03-28,4,MSFT,0.13441367595114206,13.44%
quarterly,2024Q1,2024-01-02,2024-03-28,5,GOOGL,0.0923500036187308,9.24%
quarterly,2024Q1,2024-01-02,2024-03-28,6,AAPL,-0.07627666451195858,-7.63%
quarterly,2024Q1,2024-01-02,2024-03-28,7,TSLA,-0.2923677642701876,-29.24%
quarterly,2024Q2,2024-04-01,2024-06-28,1,NVDA,0.3671524849772585,36.72%
quarterly,2024Q2,2024-04-01,2024-06-28,2,AAPL,0.23872257836852318,23.87%
quarterly,2024Q2,2024-04-01,2024-06-28,3,GOOGL,0.17145797157373455,17.15%
quarterly,2024Q2,2024-04-01,2024-06-28,4,TSLA,0.1293231366282388,12.93%
quarterly,2024Q2,2024-04-01,2024-06-28,5,AMZN,0.06785655080952635,6.79%
quarterly,2024Q2,2024-04-01,2024-06-28,6,MSFT,0.05271215582824973,5.27%
quarterly,2024Q2,2024-04-01,2024-06-28,7,META,0.026193141345273174,2.62%
quarterly,2024Q3,2024-07-01,2024-09-30,1,TSLA,0.24668826836938895,24.67%
quarterly,2024Q3,2024-07-01,2024-09-30,2,META,0.13426329555361827,13.43%
quarterly,2024Q3,2024-07-01,2024-09-30,3,AAPL,0.07497116493656275,7.50%
quarterly,2024Q3,2024-07-01,2024-09-30,4,NVDA,-0.023008849557522137,-2.30%
quarterly,2024Q3,2024-07-01,2024-09-30,5,AMZN,-0.055121703853955206,-5.51%
quarterly,2024Q3,2024-07-01,2024-09-30,6,MSFT,-0.05786788693538858,-5.79%
quarterly,2024Q3,2024-07-01,2024-09-30,7,GOOGL,-0.09366632056396529,-9.37%
quarterly,2024Q4,2024-10-01,2024-12-31,1,TSLA,0.5651499883729945,56.51%
quarterly,2024Q4,2024-10-01,2024-12-31,2,AMZN,0.1850591476259924,18.51%
quarterly,2024Q4,2024-10-01,2024-12-31,3,NVDA,0.14777777777777779,14.78%
quarterly,2024Q4,2024-10-01,2024-12-31,4,GOOGL,0.13360081442002514,13.36%
quarterly,2024Q4,2024-10-01,2024-12-31,5,AAPL,0.10702444631094998,10.70%
quarterly,2024Q4,2024-10-01,2024-12-31,6,META,0.01568164865474353,1.57%
quarterly,2024Q4,2024-10-01,2024-12-31,7,MSFT,0.0019254082578621379,0.19%
quarterly,2025Q1,2025-01-02,2025-03-31,1,META,-0.03818169681596684,-3.82%
quarterly,2025Q1,2025-01-02,2025-03-31,2,AAPL,-0.08907115029731394,-8.91%
quarterly,2025Q1,2025-01-02,2025-03-31,3,MSFT,-0.10318218739547991,-10.32%
quarterly,2025Q1,2025-01-02,2025-03-31,4,AMZN,-0.13604577240940885,-13.60%
quarterly,2025Q1,2025-01-02,2025-03-31,5,GOOGL,-0.18365623185345525,-18.37%
quarterly,2025Q1,2025-01-02,2025-03-31,6,NVDA,-0.21639794664160228,-21.64%
quarterly,2025Q1,2025-01-02,2025-03-31,7,TSLA,-0.316705336426914,-31.67%
quarterly,2025Q2,2025-04-01,2025-06-30,1,NVDA,0.4343168406718112,43.43%
quarterly,2025Q2,2025-04-01,2025-06-30,2,MSFT,0.30147308930113303,30.15%
quarterly,2025Q2,2025-04-01,2025-06-30,3,META,0.25953924914675763,25.95%
quarterly,2025Q2,2025-04-01,2025-06-30,4,TSLA,0.18326752588840067,18.33%
quarterly,2025Q2,2025-04-01,2025-06-30,5,AMZN,0.14164541811937337,14.16%
quarterly,2025Q2,2025-04-01,2025-06-30,6,GOOGL,0.12198382886611059,12.20%
quarterly,2025Q2,2025-04-01,2025-06-30,7,AAPL,-0.08073838433621583,-8.07%
quarterly,2025Q3,2025-07-01,2025-09-30,1,TSLA,0.4788999368162019,47.89%
quarterly,2025Q3,2025-07-01,2025-09-30,2,GOOGL,0.3825068243858052,38.25%
quarterly,2025Q3,2025-07-01,2025-09-30,3,AAPL,0.2252429987489173,22.52%
quarterly,2025Q3,2025-07-01,2025-09-30,4,NVDA,0.21709067188519238,21.71%
quarterly,2025Q3,2025-07-01,2025-09-30,5,MSFT,0.05263692714155077,5.26%
quarterly,2025Q3,2025-07-01,2025-09-30,6,META,0.02107839047857407,2.11%
quarterly,2025Q3,2025-07-01,2025-09-30,7,AMZN,-0.0040370135171914345,-0.40%
quarterly,2025Q4,2025-10-01,2025-12-31,1,GOOGL,0.27807268272764385,27.81%
quarterly,2025Q4,2025-10-01,2025-12-31,2,AAPL,0.06423957721667661,6.42%
quarterly,2025Q4,2025-10-01,2025-12-31,3,AMZN,0.046185922132076396,4.62%
quarterly,2025Q4,2025-10-01,2025-12-31,4,NVDA,-0.003952146977141635,-0.40%
quarterly,2025Q4,2025-10-01,2025-12-31,5,TSLA,-0.02119879858964857,-2.12%
quarterly,2025Q4,2025-10-01,2025-12-31,6,MSFT,-0.06944257374304907,-6.94%
quarterly,2025Q4,2025-10-01,2025-12-31,7,META,-0.07980873783700893,-7.98%
quarterly,2026Q1,2026-01-02,2026-03-31,1,AAPL,-0.0635400907715582,-6.35%
quarterly,2026Q1,2026-01-02,2026-03-31,2,NVDA,-0.07651575324331472,-7.65%
quarterly,2026Q1,2026-01-02,2026-03-31,3,AMZN,-0.08048565121412798,-8.05%
quarterly,2026Q1,2026-01-02,2026-03-31,4,GOOGL,-0.08754561320006338,-8.75%
quarterly,2026Q1,2026-01-02,2026-03-31,5,META,-0.12035485309266458,-12.04%
quarterly,2026Q1,2026-01-02,2026-03-31,6,TSLA,-0.15139133015271533,-15.14%
quarterly,2026Q1,2026-01-02,2026-03-31,7,MSFT,-0.21730029179177057,-21.73%
quarterly,2026Q2,2026-04-01,2026-04-29,1,AMZN,0.24918079498504064,24.92%
quarterly,2026Q2,2026-04-01,2026-04-29,2,NVDA,0.19061166429587484,19.06%
quarterly,2026Q2,2026-04-01,2026-04-29,3,GOOGL,0.17670399139177517,17.67%
quarterly,2026Q2,2026-04-01,2026-04-29,4,META,0.15518878511126832,15.52%
quarterly,2026Q2,2026-04-01,2026-04-29,5,MSFT,0.1491458429217316,14.91%
quarterly,2026Q2,2026-04-01,2026-04-29,6,AAPL,0.056879083049720336,5.69%
quarterly,2026Q2,2026-04-01,2026-04-29,7,TSLA,-0.02218958191260556,-2.22%
annual,2022,2022-01-03,2022-12-30,1,MSFT,-0.2835847647498133,-28.36%
annual,2022,2022-01-03,2022-12-30,2,AAPL,-0.28613812427888574,-28.61%
annual,2022,2022-01-03,2022-12-30,3,GOOGL,-0.39148156960925296,-39.15%
annual,2022,2022-01-03,2022-12-30,4,AMZN,-0.5070552714276912,-50.71%
annual,2022,2022-01-03,2022-12-30,5,NVDA,-0.5148235450350254,-51.48%
annual,2022,2022-01-03,2022-12-30,6,META,-0.6445324038518343,-64.45%
annual,2022,2022-01-03,2022-12-30,7,TSLA,-0.6919934808037275,-69.20%
annual,2023,2023-01-03,2023-12-29,1,NVDA,2.459448131330772,245.94%
annual,2023,2023-01-03,2023-12-29,2,META,1.8375821709155042,183.76%
annual,2023,2023-01-03,2023-12-29,3,TSLA,1.2986123959296947,129.86%
annual,2023,2023-01-03,2023-12-29,4,AMZN,0.7704497786063855,77.04%
annual,2023,2023-01-03,2023-12-29,5,MSFT,0.5695800985057184,56.96%
annual,2023,2023-01-03,2023-12-29,6,GOOGL,0.5674371633752242,56.74%
annual,2023,2023-01-03,2023-12-29,7,AAPL,0.5393779483489247,53.94%
annual,2024,2024-01-02,2024-12-31,1,NVDA,1.7879505065603718,178.80%
annual,2024,2024-01-02,2024-12-31,2,META,0.6908082820757167,69.08%
annual,2024,2024-01-02,2024-12-31,3,TSLA,0.625634006923758,62.56%
annual,2024,2024-01-02,2024-12-31,4,AMZN,0.46328286533715723,46.33%
annual,2024,2024-01-02,2024-12-31,5,GOOGL,0.3700513859738006,37.01%
annual,2024,2024-01-02,2024-12-31,6,AAPL,0.3489549666020255,34.90%
annual,2024,2024-01-02,2024-12-31,7,MSFT,0.13651683878447973,13.65%
annual,2025,2025-01-02,2025-12-31,1,GOOGL,0.6523253972443646,65.23%
annual,2025,2025-01-02,2025-12-31,2,NVDA,0.34842021545802915,34.84%
annual,2025,2025-01-02,2025-12-31,3,TSLA,0.18572031217042828,18.57%
annual,2025,2025-01-02,2025-12-31,4,MSFT,0.1553824836351474,15.54%
annual,2025,2025-01-02,2025-12-31,5,AAPL,0.1148656961246668,11.49%
annual,2025,2025-01-02,2025-12-31,6,META,0.10154529070155527,10.15%
annual,2025,2025-01-02,2025-12-31,7,AMZN,0.048133684497320806,4.81%
annual,2026,2026-01-02,2026-04-29,1,AMZN,0.16132450331125847,16.13%
annual,2026,2026-01-02,2026-04-29,2,GOOGL,0.11039187688402352,11.04%
annual,2026,2026-01-02,2026-04-29,3,NVDA,0.10802223987291515,10.80%
annual,2026,2026-01-02,2026-04-29,4,META,0.02876647038022173,2.88%
annual,2026,2026-01-02,2026-04-29,5,AAPL,-0.003099516623002785,-0.31%
annual,2026,2026-01-02,2026-04-29,6,MSFT,-0.10250771768088984,-10.25%
annual,2026,2026-01-02,2026-04-29,7,TSLA,-0.14899445294131075,-14.90%
